{
  "home_adv": 0.28628266018756493,
  "rho": -0.08439143146483852,
  "xi": 0.002,
  "reference_date": "2026-03-31",
  "n_teams": 317
}